{
  "canisters": {
    "wallet": {
      "build": "wallet/build.sh",
      "candid": "wallet/src/lib.did",
      "type": "custom",
      "wasm": "target/wasm32-unknown-unknown/release/wallet-opt.wasm",
      "declarations": {
        "output": "wallet_ui/declarations/wallet"
      }
    },
    "alice": {
      "build": "true",
      "dependencies": ["wallet"],
      "candid": "wallet/src/lib.did",
      "type": "custom",
      "wasm": "target/wasm32-unknown-unknown/release/wallet-opt.wasm"
    },
    "bob": {
      "build": "true",
      "dependencies": ["wallet"],
      "candid": "wallet/src/lib.did",
      "type": "custom",
      "wasm": "target/wasm32-unknown-unknown/release/wallet-opt.wasm"
    }
  },
  "version": 1
}
